accuracy,balanced_accuracy,n_train,n_test,n_features
0.812111801242236,0.8044112901718681,7728,1932,42
